{"cameraMode":{"drawMode":0,"name":"Shaded","section":"Shading Mode"},"sceneLighting":false,"audioPlay":false,"sceneViewState":{"showFog":true,"showMaterialUpdate":false,"showSkybox":false,"showFlares":true,"showImageEffects":true,"showParticleSystems":true,"showVisualEffectGraphs":true,"m_FxEnabled":true},"in2DMode":false,"pivot":{"x":-0.019355880096554757,"y":-0.2183007001876831,"z":0.4870090186595917},"rotation":{"x":0.31486228108406069,"y":0.4506267309188843,"z":-0.1736469566822052,"w":0.8170920610427856},"size":1.2247449159622193,"orthographic":false}